lgd_code,name,osm_relation_id,name_variants,imd_subdivision,in_oct_2025_set,wikidata,imd_region
,Angul,1984462,Anugul,Odisha,yes,Q1772807,north_interior
,Bolangir,1984026,Balangir,Odisha,yes,Q804642,south_interior
,Balasore,1984480,Baleshwar|Balasore|Baleswar,Odisha,yes,Q2022279,north_coastal
,Bargarh,1984023,,Odisha,yes,Q808140,north_interior
,Bhadrak,9511741,,Odisha,yes,Q685638,north_coastal
,Boudh,1984065,Baudh,Odisha,yes,Q2363639,south_interior
,Cuttack,1984452,,Odisha,yes,Q2022256,north_coastal
,Deogarh,1984042,Debagarh,Odisha,yes,Q2269639,north_interior
,Dhenkanal,1984463,,Odisha,yes,Q1948389,north_interior
,Gajapati,1984576,,Odisha,yes,Q1947292,south_interior
,Ganjam,9511253,,Odisha,yes,Q776213,south_coastal
,Jagatsinghpur,9511627,Jagatsinghapur|Jagatsingpur,Odisha,yes,Q971581,north_coastal
,Jajpur,1984464,Jajapur,Odisha,yes,Q2087771,north_coastal
,Jharsuguda,1984035,,Odisha,yes,Q569181,north_interior
,Kalahandi,1984497,,Odisha,yes,Q1876588,south_interior
,Kandhamal,1984577,Phulbani,Odisha,yes,Q2085500,south_interior
,Kendrapara,9588868,Kendrapada,Odisha,yes,Q2299172,north_coastal
,Keonjhar,1984465,Kendujhar|Keonjhar,Odisha,yes,Q2085428,north_interior
,Khordha,1984089,Khurda|Khurdha|Khorda,Odisha,yes,Q662818,south_coastal
,Koraput,1984516,,Odisha,yes,Q1947300,south_interior
,Malkangiri,1984517,,Odisha,yes,Q5122619,south_interior
,Mayurbhanj,1984481,,Odisha,yes,Q1914546,north_interior
,Nabarangpur,1984498,Nabarangapur|Nowrangpur,Odisha,yes,Q2396798,south_interior
,Nayagarh,1984066,,Odisha,yes,Q2367388,south_interior
,Nuapada,1984024,,Odisha,yes,Q1810550,south_interior
,Puri,9511283,,Odisha,yes,Q1817158,south_coastal
,Rayagada,1984529,,Odisha,yes,Q2577997,south_interior
,Sambalpur,1984036,,Odisha,yes,Q1267306,north_interior
,Sonepur,1984027,Subarnapur,Odisha,yes,Q1473957,south_interior
,Sundargarh,1984039,,Odisha,yes,Q2296047,north_interior
